year,category,height_average_1,height_standard deviation_2,body weight _average_3,body weight _standard deviation_4
5,national,110.1,4.86,19,2.74
5,Hokkaido,110.1,4.9,18.9,2.98
5,Aomori,111,4.95,19.5,2.98
5,Iwate,110.6,4.72,19.3,2.91
5,Miyagi,110.6,4.91,19.5,2.88
5,Akita,111.9,4.99,19.6,2.94
5,Yamagata,110.4,4.85,19,2.84
5,Fukushima,110.3,4.92,19.3,3.13
5,Ibaraki,110.1,4.7,19.3,3.11
5,Tochigi,110,5.04,19,2.82
5,Gunma,110.5,5.26,19.5,3.4
5,Saitama,109.9,4.84,19,2.69
5,Chiba,110.3,4.7,19.1,2.78
5,Tokyo,110,4.63,18.8,2.41
5,Kanagawa,110,4.85,19,2.7
5,Niigata,110.5,5.16,19,2.91
5,Toyama,110.9,5.03,19.3,2.87
5,Ishikawa,111.2,5.2,19.2,3.02
5,Fukui,111.5,5.28,19.1,2.82
5,Yamanashi,109.5,5.11,18.8,2.78
5,Nagano,110.3,4.82,18.7,2.65
5,Gifu,109.8,4.97,18.8,2.6
5,Shizuoka,110.3,4.92,19,2.95
5,Aichi,109.8,4.73,18.7,2.64
5,Mie,110.2,4.86,18.9,2.57
5,Shiga,109.8,4.86,18.8,2.58
5,Kyoto,110.6,4.92,18.8,2.5
5,Osaka,110.2,4.74,18.9,2.59
5,Hyogo,110.2,5.03,18.9,2.73
5,Nara,109.9,4.79,18.7,2.56
5,Wakayama,109.4,4.61,18.6,2.54
5,Tottori,109.9,4.57,18.7,2.46
5,Shimane,110.7,4.98,19.1,2.92
5,Okayama,110.1,4.66,18.7,2.52
5,Hiroshima,110.6,5.07,19.2,2.82
5,Yamaguchi,110.5,5.11,19.1,2.88
5,Tokushima,109.5,4.42,19,2.59
5,Kagawa,109.9,4.46,19.1,2.56
5,Ehime,110.1,5.08,19.1,2.8
5,Kochi,109.4,4.91,18.8,2.72
5,Fukuoka,109.7,5.08,18.9,2.7
5,Saga,109.8,4.57,19,2.61
5,Nagasaki,110.6,4.94,19.4,3.05
5,Kumamoto,109.7,4.77,18.8,2.83
5,Oita,110.2,5.02,18.9,2.8
5,Miyazaki,110.7,4.49,19.2,2.72
5,Kagoshima,109.4,4.97,18.9,2.72
5,Okinawa,109.4,4.68,18.7,2.7
6,national,115.8,4.98,21.2,3.33
6,Hokkaido,115.8,4.89,21.4,3.67
6,Aomori,116.7,5.02,21.9,3.59
6,Iwate,116.8,5.19,22.2,4.04
6,Miyagi,116.4,5.08,21.7,3.94
6,Akita,116.9,4.89,21.8,3.68
6,Yamagata,116.1,4.95,21.6,3.6
6,Fukushima,115.7,5.2,21.4,4.01
6,Ibaraki,116.2,5.45,21.8,4
6,Tochigi,116,5.23,21.3,3.49
6,Gunma,116.1,4.93,21.4,3.38
6,Saitama,116.5,4.83,21.5,3.15
6,Chiba,115.7,4.93,21.1,3.13
6,Tokyo,116.3,5.18,21.3,3.17
6,Kanagawa,115.7,4.72,21,3.13
6,Niigata,116.6,4.92,21.4,3.5
6,Toyama,115.8,4.71,21.4,3.43
6,Ishikawa,115.8,4.75,21,3.15
6,Fukui,116,4.85,21.1,3.11
6,Yamanashi,115.8,4.96,21.1,3.8
6,Nagano,115.9,5.15,21.2,3.3
6,Gifu,115.8,5.04,21.2,3.2
6,Shizuoka,115.2,4.98,21,3.32
6,Aichi,115,4.81,20.7,3.08
6,Mie,115.8,4.59,21.3,3.46
6,Shiga,115.8,4.56,20.9,2.99
6,Kyoto,115.4,4.92,20.9,3.05
6,Osaka,116,5.08,21.1,3.31
6,Hyogo,115.4,5.02,20.7,3.32
6,Nara,115.9,4.53,21.4,3.31
6,Wakayama,116.1,4.76,21.4,3.26
6,Tottori,115.8,4.76,21.2,3.33
6,Shimane,115.2,5.15,20.8,3.09
6,Okayama,115.5,4.65,21,3.09
6,Hiroshima,115.5,4.97,21.1,3.26
6,Yamaguchi,114.9,4.84,21.1,3.48
6,Tokushima,115.4,4.73,21.4,3.37
6,Kagawa,115.5,4.86,21.2,3.32
6,Ehime,115,5.12,21,3.56
6,Kochi,115.1,5.12,20.7,2.98
6,Fukuoka,115.8,5.05,21.2,3.38
6,Saga,115.5,4.46,21.2,3.1
6,Nagasaki,115.8,4.68,21.3,3.11
6,Kumamoto,115.9,4.95,21.7,3.38
6,Oita,115.5,5.15,21.3,3.59
6,Miyazaki,115.5,5.06,21.3,3.8
6,Kagoshima,115.2,4.79,20.7,3.1
6,Okinawa,115.2,4.92,21.1,3.42
7,national,121.8,5.22,23.9,4.08
7,Hokkaido,122.4,5.06,24.3,4.14
7,Aomori,122.8,5.31,24.8,4.66
7,Iwate,122.5,5.53,25,4.84
7,Miyagi,122.5,5.12,24.6,4.52
7,Akita,123.1,5.58,24.8,4.43
7,Yamagata,122.3,5.19,24.2,4.06
7,Fukushima,121.7,5.33,24.3,4.75
7,Ibaraki,121.6,5.16,23.9,3.88
7,Tochigi,121.8,5.04,24.1,3.99
7,Gunma,121.8,5.24,24.1,4.29
7,Saitama,121.9,4.93,23.8,3.81
7,Chiba,122.1,5.44,24.1,4.26
7,Tokyo,122.4,5.22,24.1,4.12
7,Kanagawa,121.6,5.21,23.6,4.05
7,Niigata,122.7,5.27,24.5,4.59
7,Toyama,122.3,5.24,24.2,4.16
7,Ishikawa,121.8,4.94,23.7,3.71
7,Fukui,122.4,4.95,24,3.91
7,Yamanashi,122.1,5,23.9,4.06
7,Nagano,121.9,5.09,23.6,3.7
7,Gifu,121.6,5.38,23.8,3.91
7,Shizuoka,121.3,5.16,23.8,3.73
7,Aichi,121.2,5.47,23.4,3.97
7,Mie,121.5,5.29,23.6,4.23
7,Shiga,121.9,5.17,23.4,3.62
7,Kyoto,121.4,5.17,23.6,3.72
7,Osaka,121.7,5.15,23.8,4.03
7,Hyogo,121.6,5.22,23.6,3.74
7,Nara,122.2,5.27,24.5,4.57
7,Wakayama,121.9,5.12,23.9,4.13
7,Tottori,121.7,5.02,23.5,3.57
7,Shimane,121.8,4.87,23.8,3.67
7,Okayama,121.7,5.23,23.8,3.75
7,Hiroshima,121,5.34,23.8,4.22
7,Yamaguchi,121.2,4.98,23.7,3.86
7,Tokushima,121.9,5.04,24.4,4.12
7,Kagawa,121.5,5.2,23.9,4.33
7,Ehime,121.1,5.53,23.5,3.87
7,Kochi,121.7,4.9,24.4,4.69
7,Fukuoka,121.3,5.17,23.7,4.09
7,Saga,122.2,5,24.1,4.21
7,Nagasaki,121.7,5.15,23.9,3.68
7,Kumamoto,122.2,4.88,24.2,4.49
7,Oita,121.3,5.34,23.9,3.84
7,Miyazaki,121.3,5.01,23.9,4.18
7,Kagoshima,121.5,5.29,24.3,4.39
7,Okinawa,121.3,5.05,24,4.09
8,national,127.6,5.68,27,5.03
8,Hokkaido,127.5,5.55,27.2,5.23
8,Aomori,128.5,5.82,27.9,5.51
8,Iwate,128.1,5.56,27.3,4.5
8,Miyagi,127.9,6.13,27.3,6.16
8,Akita,129.4,6.01,28.3,5.7
8,Yamagata,127.9,5.64,27.7,5.39
8,Fukushima,127.7,5.7,27.4,5.19
8,Ibaraki,127.5,6.07,27.3,5.68
8,Tochigi,127.6,5.45,27.1,4.82
8,Gunma,127.8,5.97,27.4,5.5
8,Saitama,127.9,5.52,26.9,4.6
8,Chiba,128.1,6.37,27,5.6
8,Tokyo,128.1,5.74,27,5.07
8,Kanagawa,127.6,5.33,26.9,4.82
8,Niigata,128.8,5.41,27.8,5.25
8,Toyama,128.1,5.18,27.5,5.57
8,Ishikawa,128.3,5.56,27.5,5.27
8,Fukui,128.1,5.68,26.9,4.56
8,Yamanashi,127.7,5.51,27.3,5.14
8,Nagano,127.7,5.63,26.9,4.78
8,Gifu,127.5,5.62,26.7,4.6
8,Shizuoka,127.4,5.86,27,5.01
8,Aichi,127.1,5.77,26.4,4.78
8,Mie,127.5,5.47,27.1,5.12
8,Shiga,127.4,5.54,26.6,4.96
8,Kyoto,127,5.23,26.5,4.28
8,Osaka,127.4,5.7,26.8,4.84
8,Hyogo,127.5,5.53,26.5,4.41
8,Nara,128,5.45,27,4.61
8,Wakayama,127.5,5.94,26.8,4.66
8,Tottori,128,5.66,26.9,4.88
8,Shimane,127.7,5.64,26.8,4.46
8,Okayama,127.5,5.32,27,4.85
8,Hiroshima,127.3,5.59,27,4.69
8,Yamaguchi,127,5.31,26.3,4.24
8,Tokushima,127.7,5.55,27.2,4.83
8,Kagawa,127.7,5.68,27.1,5.13
8,Ehime,127.5,5.42,26.8,4.93
8,Kochi,127.4,5.5,27.3,5.4
8,Fukuoka,127.3,5.45,27.1,5.37
8,Saga,127.5,5.64,27.2,5.36
8,Nagasaki,128,5.68,27.3,5.1
8,Kumamoto,127.5,5.78,26.8,4.74
8,Oita,127.2,5.78,26.9,5.09
8,Miyazaki,128.1,6.11,27.9,5.91
8,Kagoshima,126.9,5.82,26.6,5.04
8,Okinawa,127.1,5.58,27,5.41
9,national,134.1,6.4,30.6,6.07
9,Hokkaido,134.4,6.58,31.3,7.09
9,Aomori,135.6,6.24,32,6.49
9,Iwate,134.7,6.5,32,6.98
9,Miyagi,135.3,6.94,32.5,7.65
9,Akita,135.4,6.49,32,7.38
9,Yamagata,135.5,6.16,32.4,6.24
9,Fukushima,134.6,6.18,31.7,6.63
9,Ibaraki,134.4,6.34,30.8,5.99
9,Tochigi,134.1,6.32,31.1,6.81
9,Gunma,134.4,6.39,31.4,6.66
9,Saitama,134.5,6.4,31,6.14
9,Chiba,134.2,6.38,31,5.87
9,Tokyo,134.3,6.39,30.1,5.57
9,Kanagawa,134,6.08,30.4,5.85
9,Niigata,134.9,6.35,31.3,6.56
9,Toyama,134.8,6.66,30.5,5.47
9,Ishikawa,134.1,6.41,30.2,5.51
9,Fukui,134.5,6.31,30.7,6.07
9,Yamanashi,134.3,6.68,30.9,6.44
9,Nagano,134.7,6.29,30.7,5.82
9,Gifu,134.2,6.12,30.4,5.38
9,Shizuoka,133.2,5.85,29.9,5.39
9,Aichi,133.2,6.71,29.7,5.97
9,Mie,134,6.44,30.5,6.27
9,Shiga,133.9,6.09,30,5.72
9,Kyoto,134.1,6.42,30.4,5.99
9,Osaka,133.8,6.85,30.2,5.85
9,Hyogo,133.5,6.21,29.7,5.47
9,Nara,134,6.29,30.3,5.75
9,Wakayama,133.9,6.08,30.8,5.99
9,Tottori,134.2,6.24,30.6,5.83
9,Shimane,133.9,5.51,30.5,5.6
9,Okayama,133.3,6.24,30,5.55
9,Hiroshima,133.6,6.29,30.6,6.12
9,Yamaguchi,132.8,6.15,29.5,5.08
9,Tokushima,133.8,6.65,30.8,6.07
9,Kagawa,133.5,6.23,30.3,6.07
9,Ehime,133.3,6.29,29.9,5.55
9,Kochi,134.1,6.14,30.8,6.15
9,Fukuoka,134.1,6.14,31.1,6.45
9,Saga,133.7,6.11,30.8,5.95
9,Nagasaki,133.8,6.41,30.5,5.93
9,Kumamoto,134,6.55,31.3,6.61
9,Oita,133.7,6.49,30.9,6.26
9,Miyazaki,134.4,6.52,31.4,6.56
9,Kagoshima,133.9,5.9,30.2,5.53
9,Okinawa,133.7,6.58,30.5,6.07
10,national,140.9,6.83,35,7.2
10,Hokkaido,140.7,7,35.6,8.19
10,Aomori,143,7.2,37.3,8.84
10,Iwate,142,6.75,36.6,7.51
10,Miyagi,141,7.05,35.8,7.87
10,Akita,143.2,6.7,37.1,7.39
10,Yamagata,141.2,6.77,36,7.93
10,Fukushima,141.4,6.89,36.4,8.05
10,Ibaraki,140.8,6.78,35.2,7.5
10,Tochigi,141,6.81,35.6,7.43
10,Gunma,141.1,6.64,35.9,7.67
10,Saitama,140.8,6.69,34.8,6.94
10,Chiba,141.6,6.88,36,7.4
10,Tokyo,140.7,6.95,34.6,7.17
10,Kanagawa,141.7,6.82,35.6,7
10,Niigata,142,7.05,35.6,7.51
10,Toyama,141.2,6.73,35.1,6.88
10,Ishikawa,141.1,6.46,34.6,6.37
10,Fukui,140.7,7.1,34.5,6.69
10,Yamanashi,141.3,6.9,35.4,7.68
10,Nagano,140.8,6.58,34.4,6.65
10,Gifu,141.3,6.78,35.4,7.22
10,Shizuoka,140.4,7,34.1,6.36
10,Aichi,140.5,7.33,34.3,6.93
10,Mie,140.8,6.8,34.8,7.41
10,Shiga,140.5,6.45,34.2,6.55
10,Kyoto,141.5,6.58,34.8,6.49
10,Osaka,140,6.63,34.4,7.03
10,Hyogo,140.8,6.65,34.7,6.88
10,Nara,140.7,6.49,34.5,6.91
10,Wakayama,141.2,6.84,35,6.97
10,Tottori,141.5,6.68,35.1,7.12
10,Shimane,139.5,6.84,33.8,6.46
10,Okayama,140.3,6.41,34.5,6.9
10,Hiroshima,140.9,6.74,35.4,7.46
10,Yamaguchi,140.1,6.69,34.2,6.86
10,Tokushima,141,6.78,35.3,7.59
10,Kagawa,140.7,6.76,34.9,7.15
10,Ehime,139.7,6.6,34,6.99
10,Kochi,140.8,6.79,35.2,7.18
10,Fukuoka,141.2,6.41,35.3,7.23
10,Saga,140.4,6.59,34.7,6.49
10,Nagasaki,140.5,6.88,34.9,7.01
10,Kumamoto,140.8,6.77,35.3,7.04
10,Oita,139.7,6.49,34.6,7.06
10,Miyazaki,140.9,7.15,35.4,7.28
10,Kagoshima,140,6.91,34.2,7.23
10,Okinawa,141.1,6.23,35.2,6.83
11,national,147.3,6.47,39.8,7.78
11,Hokkaido,147.7,6.31,40.9,8.82
11,Aomori,148.4,6.02,41.1,7.75
11,Iwate,147.9,6.52,41.3,8.27
11,Miyagi,147.9,6.42,42,9.39
11,Akita,148.5,6.36,41.3,7.93
11,Yamagata,148.2,6.02,41.2,8.29
11,Fukushima,147.4,6.39,40.6,7.95
11,Ibaraki,147.1,6.44,40.4,7.88
11,Tochigi,147.3,6.6,40.5,8.1
11,Gunma,147.9,6.39,40.8,8.02
11,Saitama,147.3,6.22,40,7.84
11,Chiba,147.9,7.01,40.4,8.25
11,Tokyo,147.5,6.42,39.5,7.15
11,Kanagawa,147.1,6.41,39.4,7.36
11,Niigata,147.7,6.57,39.8,7.73
11,Toyama,147.7,6.29,40,8.09
11,Ishikawa,147.8,6.35,40,7.29
11,Fukui,147.8,5.89,40.5,7.4
11,Yamanashi,147.3,6.33,40,7.75
11,Nagano,147.4,6.42,39.7,7.43
11,Gifu,147.1,6.31,39.6,7.51
11,Shizuoka,147.2,6.32,39.5,7.86
11,Aichi,146.9,6.69,38.8,7.66
11,Mie,146.4,6.52,38.7,7.18
11,Shiga,146.7,6.55,38.7,7.31
11,Kyoto,146.8,6.2,38.5,6.94
11,Osaka,147,6.64,39.8,8.08
11,Hyogo,147,6.31,39.1,7.16
11,Nara,147.2,6.62,39.7,7.77
11,Wakayama,147.3,6.1,40,7.85
11,Tottori,147.7,6.17,40.3,7.59
11,Shimane,146.7,5.74,39.2,6.88
11,Okayama,147.1,6.59,39.5,7.68
11,Hiroshima,146.8,6.47,39.6,7.12
11,Yamaguchi,146,6.88,38.5,7.36
11,Tokushima,147.5,6.5,40.4,7.53
11,Kagawa,146.9,6.45,40.2,8.05
11,Ehime,146.3,6.5,38.8,7.34
11,Kochi,146.6,6.54,40.2,8.2
11,Fukuoka,147.2,6.36,40.1,8.23
11,Saga,147,5.98,39.9,7.5
11,Nagasaki,146.9,6.31,39.8,7.37
11,Kumamoto,147.7,6.5,40.5,7.98
11,Oita,147,6.27,39.5,7.16
11,Miyazaki,146.9,6.57,40.6,7.94
11,Kagoshima,146.5,6.71,40.3,8.08
11,Okinawa,147.1,6.51,40,7.91
12,national,152.1,5.78,44.4,8.01
12,Hokkaido,152.6,5.72,45.1,8.71
12,Aomori,152.8,5.63,46.3,9.03
12,Iwate,152.1,5.6,45.5,8.11
12,Miyagi,152.6,5.66,45.5,8.65
12,Akita,153.2,5.77,46.3,8.31
12,Yamagata,152.8,5.69,45.3,8.37
12,Fukushima,151.6,5.77,45.2,8.95
12,Ibaraki,152,5.59,45,8.3
12,Tochigi,152.1,5.68,44.6,8.17
12,Gunma,151.9,5.73,44.8,8.08
12,Saitama,152.4,5.64,44.3,7.75
12,Chiba,152.4,5.85,44.3,7.93
12,Tokyo,152.9,5.78,44.3,7.88
12,Kanagawa,152,5.93,44.5,8.69
12,Niigata,152.4,5.84,44.8,8.06
12,Toyama,152.3,5.46,44,7.82
12,Ishikawa,152.8,5.63,44.9,8.26
12,Fukui,152.3,5.66,44.2,7.21
12,Yamanashi,151.2,5.87,44.1,8.44
12,Nagano,151.7,5.51,43.9,7.39
12,Gifu,152,5.77,44.1,7.57
12,Shizuoka,151.3,5.79,43.4,7.22
12,Aichi,151.7,5.72,43.9,8.23
12,Mie,151.9,5.87,44,7.83
12,Shiga,152.3,5.64,43.9,7.39
12,Kyoto,152.3,5.96,43.6,7.68
12,Osaka,152.1,6.09,44.2,7.57
12,Hyogo,152.2,5.77,43.9,7.74
12,Nara,152.5,5.84,44.4,7.94
12,Wakayama,151.3,5.94,43.7,7.88
12,Tottori,152.1,5.58,44.2,7.58
12,Shimane,151.8,5.69,44.1,7.54
12,Okayama,151.8,5.54,43.8,7.27
12,Hiroshima,151.7,5.68,44.2,7.56
12,Yamaguchi,151.6,5.65,44.1,8.32
12,Tokushima,151.7,5.57,44.8,7.91
12,Kagawa,151.8,5.52,44.7,7.23
12,Ehime,151.6,5.93,44.9,8.25
12,Kochi,151.2,5.81,44.7,8.58
12,Fukuoka,151.9,5.77,44.3,7.74
12,Saga,151.5,5.67,44.9,8.25
12,Nagasaki,151.6,5.76,44.6,7.94
12,Kumamoto,151.9,5.45,44.1,7.79
12,Oita,151.3,5.55,44.6,8.72
12,Miyazaki,151.3,6.03,44.9,8.61
12,Kagoshima,151.4,5.62,44.2,8.27
12,Okinawa,151.5,5.53,45,7.59
13,national,155,5.35,47.6,7.62
13,Hokkaido,155,5.21,48.1,8.36
13,Aomori,155.6,5.35,49.8,8.39
13,Iwate,155.4,5.23,49.1,8.57
13,Miyagi,155.1,5.62,48.4,7.88
13,Akita,156.1,5.35,49,7.83
13,Yamagata,155.8,5.19,48.6,8.05
13,Fukushima,154.6,5.36,48.3,8.04
13,Ibaraki,154.8,5.03,47.9,7.62
13,Tochigi,154.3,5.34,47.8,8.18
13,Gunma,154.5,5.15,47.6,7.49
13,Saitama,154.8,5.32,48.2,8.06
13,Chiba,155.5,5.4,47.9,7.55
13,Tokyo,155.8,5.23,47.7,7.44
13,Kanagawa,155.5,5.33,47.7,7.27
13,Niigata,155.5,5.49,47.8,7.3
13,Toyama,155.3,5.37,47.9,7.38
13,Ishikawa,155.5,4.92,47.5,6.93
13,Fukui,155.2,5.19,47.7,7.96
13,Yamanashi,154.7,5.35,48.1,7.73
13,Nagano,154.4,5.12,47.2,7.01
13,Gifu,154.9,5.42,48,8.31
13,Shizuoka,154.9,5.27,47,7.57
13,Aichi,154.5,5.24,47,7.41
13,Mie,155.1,5.46,47.3,7.29
13,Shiga,154.9,5.42,46.9,7.53
13,Kyoto,155,5.43,46.8,7.3
13,Osaka,155,5.4,47.2,7.5
13,Hyogo,154.9,5.43,46.8,7.21
13,Nara,155.1,5.38,47.1,7.41
13,Wakayama,154.7,5.53,47.9,7.62
13,Tottori,154.8,5.58,47.7,7.8
13,Shimane,154.6,5.57,47.5,6.94
13,Okayama,154.5,5.34,47.6,7.5
13,Hiroshima,154.4,5.3,47.4,7.33
13,Yamaguchi,154.1,5.27,47,6.94
13,Tokushima,154.2,5.42,47.5,7.85
13,Kagawa,154.4,5.23,47.9,7.44
13,Ehime,154.2,5.26,47.7,7.74
13,Kochi,154.4,5.3,47.9,7.59
13,Fukuoka,154.6,5.38,47.3,7.52
13,Saga,154.4,5.33,47.8,7.47
13,Nagasaki,154.4,5.33,47.3,8.21
13,Kumamoto,154.7,5.32,47.7,8.16
13,Oita,154.4,5.58,48.1,8.67
13,Miyazaki,154.3,5.35,48.6,7.95
13,Kagoshima,154.3,5.46,46.8,6.99
13,Okinawa,153.6,5.24,47.4,7.41
14,national,156.5,5.34,50,7.67
14,Hokkaido,157,5.16,50.8,8.19
14,Aomori,157.3,5.38,52.1,8.56
14,Iwate,156.5,5.39,51.6,8.19
14,Miyagi,156.3,5.34,50.8,8.33
14,Akita,156.9,5.17,51.1,7.68
14,Yamagata,156.9,5.13,50.9,7.92
14,Fukushima,156.1,5.63,51.3,9.74
14,Ibaraki,156.6,5.35,50.5,6.87
14,Tochigi,156.7,5.15,50.9,7.49
14,Gunma,156.5,5.46,50.5,7.59
14,Saitama,156.5,5.46,50.3,7.87
14,Chiba,156.7,5.17,50,7.64
14,Tokyo,156.9,5.33,49.7,7.59
14,Kanagawa,157.1,5.28,49.5,6.93
14,Niigata,156.8,5.15,50.1,7.67
14,Toyama,157.2,5.3,49.6,6.97
14,Ishikawa,157.1,5.01,50.2,7.48
14,Fukui,157.3,5.18,49.8,6.87
14,Yamanashi,156.4,5.42,50.3,7.96
14,Nagano,156.3,5.17,49.7,6.91
14,Gifu,156.2,5.38,49.1,7.32
14,Shizuoka,156.5,5.43,50,7.48
14,Aichi,156.3,5.31,49.5,7.61
14,Mie,156.1,5.38,49.9,7.59
14,Shiga,156.8,5.27,49.7,7.79
14,Kyoto,156.8,5.15,49.2,7.24
14,Osaka,156.7,5.4,49.6,7.87
14,Hyogo,156.4,5.45,49.7,7.22
14,Nara,156.4,5.23,49.4,7.91
14,Wakayama,156.4,5.6,50.3,7.42
14,Tottori,156.3,5.44,49.9,7.55
14,Shimane,156.2,5.57,49.7,7.22
14,Okayama,156.4,5.3,50.4,7.19
14,Hiroshima,155.6,5.26,49.5,6.91
14,Yamaguchi,155.9,5.12,49.5,7.42
14,Tokushima,155.9,5.27,50.7,8.03
14,Kagawa,155.8,5.43,50.6,7.48
14,Ehime,156,5.35,50.4,7.65
14,Kochi,155.8,5.54,50.4,8.12
14,Fukuoka,156.4,5.09,49.9,7.71
14,Saga,155.9,5.22,50.2,7.27
14,Nagasaki,156.1,5.93,50.6,7.58
14,Kumamoto,156.5,5.36,50.7,7.68
14,Oita,156.3,5.5,50.2,7.3
14,Miyazaki,155.6,5.25,51,8.6
14,Kagoshima,156.3,5.24,51,9.08
14,Okinawa,154.9,5.21,50.1,8.73
15,national,157.3,5.36,51.3,7.79
15,Hokkaido,157.6,5.42,51.9,8.8
15,Aomori,157.5,5.49,53.9,8.96
15,Iwate,157,5.57,51.8,7.69
15,Miyagi,157.5,4.99,52.7,8.86
15,Akita,157.8,5.65,52.8,8.42
15,Yamagata,157.1,5.22,51.9,8.62
15,Fukushima,156.4,5.26,52,8.3
15,Ibaraki,157,5.77,51.2,7.97
15,Tochigi,156.8,5.6,51.7,8.15
15,Gunma,157.5,5.12,51.4,7.44
15,Saitama,157.3,5.25,51.5,7.61
15,Chiba,158.2,5.07,52,7.79
15,Tokyo,158,5.47,50.9,7.75
15,Kanagawa,157.4,5.36,50.2,7.03
15,Niigata,157.8,5.14,51.6,8.18
15,Toyama,157.3,4.81,51.5,7.75
15,Ishikawa,158,5.59,51.8,7.98
15,Fukui,158,5.33,52.2,7.91
15,Yamanashi,157.4,5.51,51,7.83
15,Nagano,156.8,5.13,51.2,7.31
15,Gifu,157.3,5.39,50.7,8.92
15,Shizuoka,157,5.17,50.7,7.13
15,Aichi,157.1,5.59,50,6.68
15,Mie,156.8,5.45,50.6,7.61
15,Shiga,157.7,5.24,51.3,7.74
15,Kyoto,157.6,5.01,50,6.99
15,Osaka,157,5.27,50.7,7.59
15,Hyogo,157.2,5.24,51.1,6.94
15,Nara,157.4,5.12,50.9,8.21
15,Wakayama,157.2,5.55,51.5,9.37
15,Tottori,156.6,5.5,50.4,7.53
15,Shimane,156.6,5.18,51.6,7.21
15,Okayama,156.8,5.2,52.3,8.41
15,Hiroshima,156.7,5.28,51.5,8.05
15,Yamaguchi,156.4,5.3,50.9,7.48
15,Tokushima,156.9,5.26,52.1,8.41
15,Kagawa,156.8,5.77,52.4,7.85
15,Ehime,156.5,5.43,52.4,8.89
15,Kochi,155.8,5.31,51.1,8.5
15,Fukuoka,157.6,5.4,52.1,7.96
15,Saga,157.3,5.52,52.9,8.51
15,Nagasaki,157,5.07,52.1,7.52
15,Kumamoto,157.1,5.41,51.4,7.33
15,Oita,156.9,5.35,51.7,7.96
15,Miyazaki,156.8,5.38,52.6,8.15
15,Kagoshima,156.6,5.18,50.9,7.58
15,Okinawa,156,5.62,50.8,7.88
16,national,157.7,5.46,52.3,7.77
16,Hokkaido,158,5.46,53.1,8.85
16,Aomori,157.9,5.4,54.1,8.55
16,Iwate,157.1,5.33,52.6,8.21
16,Miyagi,158.1,5.21,53.6,8.35
16,Akita,158.2,5.43,53,7.98
16,Yamagata,157.7,5.98,53.2,8.1
16,Fukushima,157,5,53.3,8.37
16,Ibaraki,157.7,6.04,53.4,8.79
16,Tochigi,158.3,6.24,54.3,9.02
16,Gunma,157.4,5.31,52.4,7.85
16,Saitama,158.3,5.24,53,7.57
16,Chiba,158.1,5.49,52.9,7.97
16,Tokyo,158.4,5.23,51.5,7.06
16,Kanagawa,158,5.22,51.5,7.85
16,Niigata,158.8,5.88,53,8.3
16,Toyama,158.3,5.22,52.7,8.11
16,Ishikawa,158.7,6.07,53.1,8.27
16,Fukui,158,5.54,52.9,8.4
16,Yamanashi,156.9,5.16,52.2,7.47
16,Nagano,157.1,5.21,52.1,8.09
16,Gifu,157.6,5.53,52.3,7.29
16,Shizuoka,157.2,5.09,51.7,6.76
16,Aichi,157.2,5.57,51.7,7.06
16,Mie,157.4,5.47,51.9,8.07
16,Shiga,157.9,5.37,51.9,7.25
16,Kyoto,158,5.58,51.1,7.26
16,Osaka,157.7,5.65,52.1,7.51
16,Hyogo,157.7,5.49,51.9,7.11
16,Nara,157.9,5.48,52.8,8.17
16,Wakayama,157.7,5.27,52.3,7.19
16,Tottori,157.6,5.55,52.8,7.92
16,Shimane,156.4,5.35,51.6,7.26
16,Okayama,157.2,5.21,51.4,6.65
16,Hiroshima,157.6,5.29,52.2,7.07
16,Yamaguchi,157.1,5.23,51.4,6.96
16,Tokushima,157.2,4.92,52.8,7.86
16,Kagawa,156.7,5.44,51.9,7.65
16,Ehime,156.4,5.26,52.2,7.76
16,Kochi,157,5.28,52.7,8.69
16,Fukuoka,157.5,5.18,52.7,8.15
16,Saga,157.8,5.63,52.7,7.79
16,Nagasaki,157.6,5.76,52.8,7.19
16,Kumamoto,158.1,6.21,53.5,9.24
16,Oita,156.4,5.33,53.1,8.06
16,Miyazaki,156.8,5.51,53.5,8.67
16,Kagoshima,156.8,5.45,52.5,8.24
16,Okinawa,155.9,5.22,51.5,7.79
17,national,158,5.39,52.5,7.7
17,Hokkaido,158,5.45,53,8.33
17,Aomori,158.2,5.55,54.5,9.5
17,Iwate,157.7,5.16,54.6,8.42
17,Miyagi,157.5,5.24,53.2,7.84
17,Akita,157.7,5.2,53.1,7.84
17,Yamagata,158.1,5.48,52.8,7.73
17,Fukushima,157.5,5.72,53.5,8.21
17,Ibaraki,158,5.79,53.4,7.85
17,Tochigi,157.9,5.72,54.1,9.4
17,Gunma,157.5,5.64,53.2,9.06
17,Saitama,158.4,5.4,53,7.49
17,Chiba,158.1,5.37,52.4,7.52
17,Tokyo,158.9,5.55,51.7,7.13
17,Kanagawa,158.5,5.04,51.9,6.91
17,Niigata,158.4,5.3,53.3,8.22
17,Toyama,158.5,5.45,53,7.28
17,Ishikawa,158.1,5.32,52.6,7.43
17,Fukui,159.2,5.72,54.2,8.36
17,Yamanashi,158.1,5.13,53.1,8.08
17,Nagano,157.5,5.5,52.5,8.46
17,Gifu,157.6,5.29,52.5,7.91
17,Shizuoka,157.8,5.18,51.8,7.19
17,Aichi,157.3,5.13,51.6,6.93
17,Mie,158.1,5.15,52.5,7.46
17,Shiga,158,5.44,52,7.24
17,Kyoto,158.4,5.21,51.7,6.89
17,Osaka,157.8,5.3,52.6,7.68
17,Hyogo,157.9,5.5,52.3,7.75
17,Nara,158.4,5.36,52.5,8.6
17,Wakayama,157.9,4.93,53,7.43
17,Tottori,157.6,5.48,52,7.44
17,Shimane,157.9,5.06,52.5,7.22
17,Okayama,157.3,5.42,52.6,7.16
17,Hiroshima,157.2,5.79,51.9,7.67
17,Yamaguchi,157.5,5.51,51.5,6.94
17,Tokushima,157.4,5.14,53.3,8.72
17,Kagawa,157.1,5.04,52,7.64
17,Ehime,157.3,5.15,53.3,7.39
17,Kochi,156.8,5.61,52.4,8.17
17,Fukuoka,157.9,4.93,52.6,7.48
17,Saga,157.4,5.51,52.9,7.96
17,Nagasaki,157.5,5.36,53.1,7.21
17,Kumamoto,158,5.12,53.1,9.39
17,Oita,158,5.57,54,7.87
17,Miyazaki,156.8,5.48,52.6,7.42
17,Kagoshima,158,5.02,53,7.58
17,Okinawa,156.3,5.83,51.4,8.95
